round,scenario,container,role,cpu_ms,cpu_ms_per_request,throttled_periods_percent,throttled_ms
round_01,scenario_1,scenario_1-service_a-1,checkout_app,119775.789,2.5157695652173913,100.0,283313.808
round_01,scenario_1,scenario_1-service_b-1,inventory_app,54405.323,1.1427289014912834,13.311148086522463,8347.74
round_01,scenario_2,scenario_2-service_a-1,checkout_app,119991.717,5.392643791290279,100.0,292307.721
round_01,scenario_2,scenario_2-service_b-1,inventory_app,35794.693,1.608677947058559,9.30232558139535,1978.843
round_01,scenario_3,scenario_3-service_a-1,checkout_app,119986.786,2.7427431823896495,100.0,288437.056
round_01,scenario_3,scenario_3-service_b-1,inventory_app,47141.049,1.0775835828742542,3.0730897009966776,1256.818
round_01,scenario_4,scenario_4-service_a-1,checkout_app,119943.071,5.621892242793532,100.0,291273.132
round_01,scenario_4,scenario_4-service_b-1,inventory_app,29643.861,1.3894474337942349,1.910299003322259,298.96
round_01,scenario_5_k8s_baseline,service-a-79689f88cb-6l45h/service-a,checkout_app,119585.855,2.5322037648752804,99.75083056478405,78908.223
round_01,scenario_5_k8s_baseline,service-b-b9d464c6d-6p8xx/service-b,inventory_app,41343.472,0.8754387837208317,0.0,0.0
round_01,scenario_5_mesh,service-a-566b9cc9dc-mbdz4/istio-proxy,checkout_sidecar,18472.608,0.8178062688153002,0.0,0.0
round_01,scenario_5_mesh,service-a-566b9cc9dc-mbdz4/service-a,checkout_app,120051.558,5.314837878519568,100.0,272674.538
round_01,scenario_5_mesh,service-b-b9d464c6d-52snq/istio-proxy,inventory_sidecar,12489.706,0.5529354524526298,0.0,0.0
round_01,scenario_5_mesh,service-b-b9d464c6d-52snq/service-b,inventory_app,20346.383,0.9007607136532673,0.0,0.0
round_02,scenario_1,scenario_1-service_a-1,checkout_app,119803.147,2.474453631031064,100.0,283323.878
round_02,scenario_1,scenario_1-service_b-1,inventory_app,54823.163,1.1323356535029743,13.477537437603994,5363.354
round_02,scenario_2,scenario_2-service_a-1,checkout_app,120046.779,5.424372102480683,100.0,303924.386
round_02,scenario_2,scenario_2-service_b-1,inventory_app,36118.618,1.6320373232117844,9.136212624584717,3287.55
round_02,scenario_3,scenario_3-service_a-1,checkout_app,120029.919,2.746240167478893,100.0,290124.766
round_02,scenario_3,scenario_3-service_b-1,inventory_app,46009.203,1.0526735534353766,3.4053156146179404,1818.895
round_02,scenario_4,scenario_4-service_a-1,checkout_app,120013.114,5.6309817482287805,100.0,296698.859
round_02,scenario_4,scenario_4-service_b-1,inventory_app,29292.083,1.3743763430769953,1.5780730897009967,577.136
round_02,scenario_5_k8s_baseline,service-a-79689f88cb-jhdgb/service-a,checkout_app,119619.672,2.5215470815152092,99.16874480465503,233673.676
round_02,scenario_5_k8s_baseline,service-b-b9d464c6d-gpckh/service-b,inventory_app,41666.777,0.8783232572356079,0.0,0.0
round_02,scenario_5_mesh,service-a-566b9cc9dc-nxnfh/istio-proxy,checkout_sidecar,18333.561,0.8143905916844351,0.0,0.0
round_02,scenario_5_mesh,service-a-566b9cc9dc-nxnfh/service-a,checkout_app,120092.452,5.334597192608387,100.0,274750.172
round_02,scenario_5_mesh,service-b-b9d464c6d-4xbzh/istio-proxy,inventory_sidecar,12595.609,0.5595064410092395,0.0,0.0
round_02,scenario_5_mesh,service-b-b9d464c6d-4xbzh/service-b,inventory_app,20098.104,0.892772921108742,0.0,0.0
round_03,scenario_1,scenario_1-service_a-1,checkout_app,120356.965,2.5213039425171777,100.0,287477.081
round_03,scenario_1,scenario_1-service_b-1,inventory_app,54128.695,1.1339176931456343,12.903225806451612,5108.027
round_03,scenario_2,scenario_2-service_a-1,checkout_app,120023.821,5.3620363205861326,100.0,290951.013
round_03,scenario_2,scenario_2-service_b-1,inventory_app,36385.793,1.6255268495353823,8.970099667774086,1971.503
round_03,scenario_3,scenario_3-service_a-1,checkout_app,119956.193,2.755839758316486,100.0,284179.339
round_03,scenario_3,scenario_3-service_b-1,inventory_app,46602.233,1.0706265622128286,3.657522859517872,2306.915
round_03,scenario_4,scenario_4-service_a-1,checkout_app,119821.776,5.5920929668175665,100.0,286005.392
round_03,scenario_4,scenario_4-service_b-1,inventory_app,30163.807,1.4077475614878425,1.4131338320864506,314.357
round_03,scenario_5_k8s_baseline,service-a-79689f88cb-wdf52/service-a,checkout_app,119515.089,2.5274407130923935,99.91687448046551,172321.335
round_03,scenario_5_k8s_baseline,service-b-b9d464c6d-szfsw/service-b,inventory_app,41508.357,0.87779637109565,0.0,0.0
round_03,scenario_5_mesh,service-a-566b9cc9dc-7t7dw/istio-proxy,checkout_sidecar,18419.304,0.8293248086447547,0.0,0.0
round_03,scenario_5_mesh,service-a-566b9cc9dc-7t7dw/service-a,checkout_app,120128.419,5.4087536695182346,100.0,279378.691
round_03,scenario_5_mesh,service-b-b9d464c6d-5f2bb/istio-proxy,inventory_sidecar,12582.728,0.566534353894642,0.0,0.0
round_03,scenario_5_mesh,service-b-b9d464c6d-5f2bb/service-b,inventory_app,20233.808,0.9110224223322828,0.0,0.0
round_04,scenario_1,scenario_1-service_a-1,checkout_app,119926.052,2.523165411319167,100.0,286675.46
round_04,scenario_1,scenario_1-service_b-1,inventory_app,53641.134,1.1285742478434673,13.549459684123025,5097.462
round_04,scenario_2,scenario_2-service_a-1,checkout_app,120027.647,5.378064656331213,100.0,300043.173
round_04,scenario_2,scenario_2-service_b-1,inventory_app,36239.806,1.6237927233623084,9.053156146179402,1955.259
round_04,scenario_3,scenario_3-service_a-1,checkout_app,119989.595,2.72703625,100.0,290000.317
round_04,scenario_3,scenario_3-service_b-1,inventory_app,46303.082,1.0523427727272727,3.2392026578073088,1716.748
round_04,scenario_4,scenario_4-service_a-1,checkout_app,119868.361,5.601848817646509,100.0,287613.016
round_04,scenario_4,scenario_4-service_b-1,inventory_app,29868.392,1.3958497055799608,1.745635910224439,389.846
round_04,scenario_5_k8s_baseline,service-a-79689f88cb-ps4ls/service-a,checkout_app,119608.092,2.5111923577577158,100.0,219617.673
round_04,scenario_5_k8s_baseline,service-b-b9d464c6d-8lgg8/service-b,inventory_app,41648.184,0.8744107495276087,0.0,0.0
round_04,scenario_5_mesh,service-a-566b9cc9dc-97vnf/istio-proxy,checkout_sidecar,18426.49,0.8157645652558881,0.0,0.0
round_04,scenario_5_mesh,service-a-566b9cc9dc-97vnf/service-a,checkout_app,119965.318,5.311019922082521,100.0,270193.474
round_04,scenario_5_mesh,service-b-b9d464c6d-wwmsf/istio-proxy,inventory_sidecar,12553.74,0.5557703205241721,0.0,0.0
round_04,scenario_5_mesh,service-b-b9d464c6d-wwmsf/service-b,inventory_app,20423.602,0.9041792987426952,0.0,0.0
round_05,scenario_1,scenario_1-service_a-1,checkout_app,119947.368,2.5526147690998084,100.0,282506.549
round_05,scenario_1,scenario_1-service_b-1,inventory_app,53423.807,1.1369186422643116,12.29235880398671,11502.899
round_05,scenario_2,scenario_2-service_a-1,checkout_app,120005.134,5.433292615565717,100.0,290248.782
round_05,scenario_2,scenario_2-service_b-1,inventory_app,36540.701,1.6543985602390547,9.136212624584717,1994.794
round_05,scenario_3,scenario_3-service_a-1,checkout_app,119861.838,2.742645539207835,100.0,284779.69
round_05,scenario_3,scenario_3-service_b-1,inventory_app,47022.226,1.0759496144429446,3.0756442227763925,1324.343
round_05,scenario_4,scenario_4-service_a-1,checkout_app,120000.448,5.587653566772211,100.0,294146.601
round_05,scenario_4,scenario_4-service_b-1,inventory_app,29663.098,1.3812208046191097,1.744186046511628,577.639
round_05,scenario_5_k8s_baseline,service-a-79689f88cb-dv77g/service-a,checkout_app,119601.292,2.526645512928849,100.0,208697.608
round_05,scenario_5_k8s_baseline,service-b-b9d464c6d-d8czv/service-b,inventory_app,41098.245,0.8682238676694272,0.0,0.0
round_05,scenario_5_mesh,service-a-566b9cc9dc-xzxxp/istio-proxy,checkout_sidecar,18493.932,0.8189315857060621,0.0,0.0
round_05,scenario_5_mesh,service-a-566b9cc9dc-xzxxp/service-a,checkout_app,120040.067,5.31550577868308,100.0,277256.224
round_05,scenario_5_mesh,service-b-b9d464c6d-dqpl4/istio-proxy,inventory_sidecar,12621.925,0.5589126776778993,0.0,0.0
round_05,scenario_5_mesh,service-b-b9d464c6d-dqpl4/service-b,inventory_app,20270.264,0.8975895142363725,0.0,0.0
round_06,scenario_1,scenario_1-service_a-1,checkout_app,119925.686,2.547112248582291,100.0,291735.099
round_06,scenario_1,scenario_1-service_b-1,inventory_app,53499.715,1.1362851772401927,12.801330008312553,5714.268
round_06,scenario_2,scenario_2-service_a-1,checkout_app,120008.204,5.358465976067155,100.0,295401.385
round_06,scenario_2,scenario_2-service_b-1,inventory_app,35902.222,1.6030640292909448,9.136212624584717,1947.609
round_06,scenario_3,scenario_3-service_a-1,checkout_app,119895.798,2.7206380448841587,100.0,293178.618
round_06,scenario_3,scenario_3-service_b-1,inventory_app,46285.026,1.050285370668724,4.073150457190358,1286.434
round_06,scenario_4,scenario_4-service_a-1,checkout_app,119917.777,5.619916440153716,100.0,293050.998
round_06,scenario_4,scenario_4-service_b-1,inventory_app,30105.62,1.410892304808323,1.495016611295681,544.11
round_06,scenario_5_k8s_baseline,service-a-79689f88cb-swt6v/service-a,checkout_app,119589.056,2.547808939452043,99.91694352159469,158074.142
round_06,scenario_5_k8s_baseline,service-b-b9d464c6d-ng5cm/service-b,inventory_app,40759.115,0.8683607098725978,0.0,0.0
round_06,scenario_5_mesh,service-a-566b9cc9dc-prbm4/istio-proxy,checkout_sidecar,18427.346,0.8582834653004192,0.0,0.0
round_06,scenario_5_mesh,service-a-566b9cc9dc-prbm4/service-a,checkout_app,120062.602,5.592110013972985,99.91694352159469,284901.713
round_06,scenario_5_mesh,service-b-b9d464c6d-gjbwk/istio-proxy,inventory_sidecar,12584.932,0.5861635770843037,0.0,0.0
round_06,scenario_5_mesh,service-b-b9d464c6d-gjbwk/service-b,inventory_app,20034.97,0.9331611551001397,0.0,0.0
round_07,scenario_1,scenario_1-service_a-1,checkout_app,119714.967,2.528405993917378,100.0,274613.423
round_07,scenario_1,scenario_1-service_b-1,inventory_app,53919.604,1.1387936977274646,12.55195344970906,7629.372
round_07,scenario_2,scenario_2-service_a-1,checkout_app,119997.641,5.393879669168877,100.0,293148.997
round_07,scenario_2,scenario_2-service_b-1,inventory_app,35613.799,1.6008360228345395,8.970099667774086,1902.159
round_07,scenario_3,scenario_3-service_a-1,checkout_app,119990.767,2.717674556079,100.0,299956.497
round_07,scenario_3,scenario_3-service_b-1,inventory_app,45428.812,1.0289185540858852,3.3250207813798838,1490.883
round_07,scenario_4,scenario_4-service_a-1,checkout_app,120001.303,5.609372364792222,100.0,293005.36
round_07,scenario_4,scenario_4-service_b-1,inventory_app,29559.723,1.381747440751648,1.8272425249169435,347.036
round_07,scenario_5_k8s_baseline,service-a-79689f88cb-hnf48/service-a,checkout_app,119516.789,2.534981844019768,99.833748960931,147648.158
round_07,scenario_5_k8s_baseline,service-b-b9d464c6d-nghqn/service-b,inventory_app,41136.696,0.8725199058264578,0.0,0.0
round_07,scenario_5_mesh,service-a-566b9cc9dc-z24jk/istio-proxy,checkout_sidecar,18375.267,0.8147593224848135,0.0,0.0
round_07,scenario_5_mesh,service-a-566b9cc9dc-z24jk/service-a,checkout_app,120088.706,5.324733117545338,100.0,278747.958
round_07,scenario_5_mesh,service-b-b9d464c6d-hp7rp/istio-proxy,inventory_sidecar,12641.364,0.5605180685496386,0.0,0.0
round_07,scenario_5_mesh,service-b-b9d464c6d-hp7rp/service-b,inventory_app,20328.771,0.9013776881124462,0.0,0.0
round_08,scenario_1,scenario_1-service_a-1,checkout_app,119841.254,2.4878298976562663,100.0,288125.394
round_08,scenario_1,scenario_1-service_b-1,inventory_app,54896.713,1.1396216188163004,13.643926788685524,5464.729
round_08,scenario_2,scenario_2-service_a-1,checkout_app,120009.639,5.357573169642857,100.0,295364.789
round_08,scenario_2,scenario_2-service_b-1,inventory_app,35986.893,1.6065577232142856,8.720930232558139,3275.831
round_08,scenario_3,scenario_3-service_a-1,checkout_app,119886.305,2.717462769453952,100.0,293974.662
round_08,scenario_3,scenario_3-service_b-1,inventory_app,46925.24,1.0636543735974793,3.9068994181213634,1013.918
round_08,scenario_4,scenario_4-service_a-1,checkout_app,119873.604,5.591641197872936,100.0,286714.341
round_08,scenario_4,scenario_4-service_b-1,inventory_app,29990.107,1.3989228006343875,1.8272425249169435,298.783
round_08,scenario_5_k8s_baseline,service-a-79689f88cb-k74nn/service-a,checkout_app,119551.182,2.530826495617935,99.91687448046551,178413.173
round_08,scenario_5_k8s_baseline,service-b-b9d464c6d-442cq/service-b,inventory_app,41002.712,0.8680027096828824,0.0,0.0
round_08,scenario_5_mesh,service-a-566b9cc9dc-4wx4h/istio-proxy,checkout_sidecar,18445.75,0.818465190575498,0.0,0.0
round_08,scenario_5_mesh,service-a-566b9cc9dc-4wx4h/service-a,checkout_app,120084.376,5.328321249500821,100.0,272293.517
round_08,scenario_5_mesh,service-b-b9d464c6d-g8mrp/istio-proxy,inventory_sidecar,12664.49,0.5619421395926698,0.0,0.0
round_08,scenario_5_mesh,service-b-b9d464c6d-g8mrp/service-b,inventory_app,20348.841,0.9029081510405111,0.0,0.0
round_09,scenario_1,scenario_1-service_a-1,checkout_app,120025.815,2.4720576483430476,100.0,291240.689
round_09,scenario_1,scenario_1-service_b-1,inventory_app,54344.179,1.1192754103762899,13.704318936877076,5290.977
round_09,scenario_2,scenario_2-service_a-1,checkout_app,120034.458,5.368027279638657,100.0,302128.355
round_09,scenario_2,scenario_2-service_b-1,inventory_app,36298.158,1.623279728098028,8.887043189368772,4250.305
round_09,scenario_3,scenario_3-service_a-1,checkout_app,119856.35,2.742645477220201,100.0,284827.809
round_09,scenario_3,scenario_3-service_b-1,inventory_app,46971.659,1.0748417427518822,3.9101497504159735,1412.476
round_09,scenario_4,scenario_4-service_a-1,checkout_app,119954.681,5.588645219903094,100.0,289860.164
round_09,scenario_4,scenario_4-service_b-1,inventory_app,29971.645,1.3963681047335073,1.744186046511628,503.606
round_09,scenario_5_k8s_baseline,service-a-79689f88cb-lv2q9/service-a,checkout_app,119552.272,2.5252898483376285,100.0,216181.091
round_09,scenario_5_k8s_baseline,service-b-b9d464c6d-46gkr/service-b,inventory_app,41931.378,0.8857120104769549,0.0,0.0
round_09,scenario_5_mesh,service-a-566b9cc9dc-bldb2/istio-proxy,checkout_sidecar,18485.099,0.8203203603443684,0.0,0.0
round_09,scenario_5_mesh,service-a-566b9cc9dc-bldb2/service-a,checkout_app,120083.729,5.329001908227568,100.0,275263.6
round_09,scenario_5_mesh,service-b-b9d464c6d-xbkbk/istio-proxy,inventory_sidecar,12575.673,0.5580754859323689,0.0,0.0
round_09,scenario_5_mesh,service-b-b9d464c6d-xbkbk/service-b,inventory_app,20355.329,0.9033162776249224,0.0,0.0
round_10,scenario_1,scenario_1-service_a-1,checkout_app,120332.588,2.4955947571446346,100.0,282437.999
round_10,scenario_1,scenario_1-service_b-1,inventory_app,54195.407,1.1239662988925296,12.582781456953642,10760.661
round_10,scenario_2,scenario_2-service_a-1,checkout_app,119937.445,5.35530652795142,100.0,301275.421
round_10,scenario_2,scenario_2-service_b-1,inventory_app,36385.919,1.6246615020539383,8.894430590191188,3835.754
round_10,scenario_3,scenario_3-service_a-1,checkout_app,119997.072,2.7473744075829383,100.0,294137.276
round_10,scenario_3,scenario_3-service_b-1,inventory_app,46639.476,1.0678269111889553,3.5714285714285716,954.809
round_10,scenario_4,scenario_4-service_a-1,checkout_app,119884.228,5.611769320788279,100.0,291860.794
round_10,scenario_4,scenario_4-service_b-1,inventory_app,30058.175,1.4070203154987595,1.828761429758936,554.756
round_10,scenario_5_k8s_baseline,service-a-79689f88cb-pspsn/service-a,checkout_app,119474.085,2.5438420346633737,99.91687448046551,111934.032
round_10,scenario_5_k8s_baseline,service-b-b9d464c6d-7wnvr/service-b,inventory_app,40854.482,0.8698735681131031,0.0,0.0
round_10,scenario_5_mesh,service-a-566b9cc9dc-rcpr9/istio-proxy,checkout_sidecar,18446.2,0.8169626644226937,0.0,0.0
round_10,scenario_5_mesh,service-a-566b9cc9dc-rcpr9/service-a,checkout_app,120036.631,5.316295274369989,100.0,281527.229
round_10,scenario_5_mesh,service-b-b9d464c6d-8mb5k/istio-proxy,inventory_sidecar,12679.533,0.5615630895965277,0.0,0.0
round_10,scenario_5_mesh,service-b-b9d464c6d-8mb5k/service-b,inventory_app,20370.741,0.9021985473227336,0.0,0.0
