round,scenario,cpu_warning
round_01,scenario_1,False
round_01,scenario_2,False
round_01,scenario_3,False
round_01,scenario_4,False
round_01,scenario_5_k8s_baseline,False
round_01,scenario_5_mesh,False
round_02,scenario_1,False
round_02,scenario_2,False
round_02,scenario_3,False
round_02,scenario_4,False
round_02,scenario_5_k8s_baseline,False
round_02,scenario_5_mesh,False
round_03,scenario_1,False
round_03,scenario_2,False
round_03,scenario_3,False
round_03,scenario_4,False
round_03,scenario_5_k8s_baseline,False
round_03,scenario_5_mesh,False
round_04,scenario_1,False
round_04,scenario_2,False
round_04,scenario_3,False
round_04,scenario_4,False
round_04,scenario_5_k8s_baseline,False
round_04,scenario_5_mesh,False
round_05,scenario_1,False
round_05,scenario_2,False
round_05,scenario_3,False
round_05,scenario_4,False
round_05,scenario_5_k8s_baseline,False
round_05,scenario_5_mesh,False
round_06,scenario_1,False
round_06,scenario_2,False
round_06,scenario_3,False
round_06,scenario_4,False
round_06,scenario_5_k8s_baseline,False
round_06,scenario_5_mesh,False
round_07,scenario_1,False
round_07,scenario_2,False
round_07,scenario_3,False
round_07,scenario_4,False
round_07,scenario_5_k8s_baseline,False
round_07,scenario_5_mesh,False
round_08,scenario_1,False
round_08,scenario_2,False
round_08,scenario_3,False
round_08,scenario_4,False
round_08,scenario_5_k8s_baseline,False
round_08,scenario_5_mesh,False
round_09,scenario_1,False
round_09,scenario_2,False
round_09,scenario_3,False
round_09,scenario_4,False
round_09,scenario_5_k8s_baseline,False
round_09,scenario_5_mesh,False
round_10,scenario_1,False
round_10,scenario_2,False
round_10,scenario_3,False
round_10,scenario_4,False
round_10,scenario_5_k8s_baseline,False
round_10,scenario_5_mesh,False
